id,personaId,chatId,problemId,transcriptId,agentId,text,role,agentMode,creationTime,updateTime
1,Strategy-Focused Teacher,1,number_trains,1,null,"I'm interested in understanding the mathematical strategies these students are using, such as drawing a picture or using math facts. What approaches do you notice in how they solved the problem?",assistant,null,2026-04-21T09:37:50.116Z,2026-04-21T09:37:50.116Z
2,Strategy-Focused Teacher,1,number_trains,2,null,"I'm interested in understanding the mathematical strategies these students are using, such as drawing a picture or using math facts. What approaches do you notice in how they solved the problem?",assistant,null,2026-04-21T09:37:50.116Z,2026-04-21T09:37:50.116Z
3,Strategy-Focused Teacher,1,symmetrical_patterns,3,null,"I'm interested in understanding the mathematical strategies these students are using, such as drawing a picture or using math facts. What approaches do you notice in how they solved the problem?",assistant,null,2026-04-21T09:37:50.116Z,2026-04-21T09:37:50.116Z
4,Strategy-Focused Teacher,1,symmetrical_patterns,4,null,"I'm interested in understanding the mathematical strategies these students are using, such as drawing a picture or using math facts. What approaches do you notice in how they solved the problem?",assistant,null,2026-04-21T09:37:50.116Z,2026-04-21T09:37:50.116Z
5,Strategy-Focused Teacher,1,winning_spinners,5,null,"I'm interested in understanding the mathematical strategies these students are using, such as drawing a picture or using math facts. What approaches do you notice in how they solved the problem?",assistant,null,2026-04-21T09:37:50.116Z,2026-04-21T09:37:50.116Z
6,Strategy-Focused Teacher,1,winning_spinners,6,null,"I'm interested in understanding the mathematical strategies these students are using, such as drawing a picture or using math facts. What approaches do you notice in how they solved the problem?",assistant,null,2026-04-21T09:37:50.116Z,2026-04-21T09:37:50.116Z
7,Strategy-Focused Teacher,1,time_to_get_clean,7,null,"I'm interested in understanding the mathematical strategies these students are using, such as drawing a picture or using math facts. What approaches do you notice in how they solved the problem?",assistant,null,2026-04-21T09:37:50.116Z,2026-04-21T09:37:50.116Z
8,Strategy-Focused Teacher,1,time_to_get_clean,8,null,"I'm interested in understanding the mathematical strategies these students are using, such as drawing a picture or using math facts. What approaches do you notice in how they solved the problem?",assistant,null,2026-04-21T09:37:50.116Z,2026-04-21T09:37:50.116Z
9,Strategy-Focused Teacher,1,null,null,Strategy-Focused Teacher,I focus on noticing and analyzing students' mathematical strategies.,assistant,null,2026-04-21T09:37:50.116Z,2026-04-21T09:37:50.116Z
10,Strengths in Student Understanding Teacher,1,null,null,Strengths in Student Understanding Teacher,I focus on the strengths in student understandings that are revealed in the student work.,assistant,null,2026-04-21T09:37:50.116Z,2026-04-21T09:37:50.116Z
11,Struggles in Student Understanding Teacher,1,null,null,Struggles in Student Understanding Teacher,I focus on identifying and addressing areas where students show partial understanding or confusion.,assistant,null,2026-04-21T09:37:50.116Z,2026-04-21T09:37:50.116Z
12,Strategy-Focused Teacher,2,number_trains,1,null,"I'm interested in understanding the mathematical strategies these students are using, such as drawing a picture or using math facts. What approaches do you notice in how they solved the problem?",assistant,null,2026-04-21T09:38:30.001Z,2026-04-21T09:38:30.001Z
13,Strategy-Focused Teacher,2,number_trains,2,null,"I'm interested in understanding the mathematical strategies these students are using, such as drawing a picture or using math facts. What approaches do you notice in how they solved the problem?",assistant,null,2026-04-21T09:38:30.001Z,2026-04-21T09:38:30.001Z
14,Strategy-Focused Teacher,2,symmetrical_patterns,3,null,"I'm interested in understanding the mathematical strategies these students are using, such as drawing a picture or using math facts. What approaches do you notice in how they solved the problem?",assistant,null,2026-04-21T09:38:30.001Z,2026-04-21T09:38:30.001Z
15,Strategy-Focused Teacher,2,symmetrical_patterns,4,null,"I'm interested in understanding the mathematical strategies these students are using, such as drawing a picture or using math facts. What approaches do you notice in how they solved the problem?",assistant,null,2026-04-21T09:38:30.001Z,2026-04-21T09:38:30.001Z
16,Strategy-Focused Teacher,2,winning_spinners,5,null,"I'm interested in understanding the mathematical strategies these students are using, such as drawing a picture or using math facts. What approaches do you notice in how they solved the problem?",assistant,null,2026-04-21T09:38:30.001Z,2026-04-21T09:38:30.001Z
17,Strategy-Focused Teacher,2,winning_spinners,6,null,"I'm interested in understanding the mathematical strategies these students are using, such as drawing a picture or using math facts. What approaches do you notice in how they solved the problem?",assistant,null,2026-04-21T09:38:30.001Z,2026-04-21T09:38:30.001Z
18,Strategy-Focused Teacher,2,time_to_get_clean,7,null,"I'm interested in understanding the mathematical strategies these students are using, such as drawing a picture or using math facts. What approaches do you notice in how they solved the problem?",assistant,null,2026-04-21T09:38:30.001Z,2026-04-21T09:38:30.001Z
19,Strategy-Focused Teacher,2,time_to_get_clean,8,null,"I'm interested in understanding the mathematical strategies these students are using, such as drawing a picture or using math facts. What approaches do you notice in how they solved the problem?",assistant,null,2026-04-21T09:38:30.001Z,2026-04-21T09:38:30.001Z
20,Strategy-Focused Teacher,2,null,null,Strategy-Focused Teacher,I focus on noticing and analyzing students' mathematical strategies.,assistant,null,2026-04-21T09:38:30.001Z,2026-04-21T09:38:30.001Z
21,Strengths in Student Understanding Teacher,2,null,null,Strengths in Student Understanding Teacher,I focus on the strengths in student understandings that are revealed in the student work.,assistant,null,2026-04-21T09:38:30.001Z,2026-04-21T09:38:30.001Z
22,Struggles in Student Understanding Teacher,2,null,null,Struggles in Student Understanding Teacher,I focus on identifying and addressing areas where students show partial understanding or confusion.,assistant,null,2026-04-21T09:38:30.001Z,2026-04-21T09:38:30.001Z
23,Strategy-Focused Teacher,3,number_trains,1,null,"I'm interested in understanding the mathematical strategies these students are using, such as drawing a picture or using math facts. What approaches do you notice in how they solved the problem?",assistant,null,2026-04-21T09:43:53.609Z,2026-04-21T09:43:53.609Z
24,Strategy-Focused Teacher,3,number_trains,2,null,"I'm interested in understanding the mathematical strategies these students are using, such as drawing a picture or using math facts. What approaches do you notice in how they solved the problem?",assistant,null,2026-04-21T09:43:53.609Z,2026-04-21T09:43:53.609Z
25,Strategy-Focused Teacher,3,symmetrical_patterns,3,null,"I'm interested in understanding the mathematical strategies these students are using, such as drawing a picture or using math facts. What approaches do you notice in how they solved the problem?",assistant,null,2026-04-21T09:43:53.609Z,2026-04-21T09:43:53.609Z
26,Strategy-Focused Teacher,3,symmetrical_patterns,4,null,"I'm interested in understanding the mathematical strategies these students are using, such as drawing a picture or using math facts. What approaches do you notice in how they solved the problem?",assistant,null,2026-04-21T09:43:53.609Z,2026-04-21T09:43:53.609Z
27,Strategy-Focused Teacher,3,winning_spinners,5,null,"I'm interested in understanding the mathematical strategies these students are using, such as drawing a picture or using math facts. What approaches do you notice in how they solved the problem?",assistant,null,2026-04-21T09:43:53.609Z,2026-04-21T09:43:53.609Z
28,Strategy-Focused Teacher,3,winning_spinners,6,null,"I'm interested in understanding the mathematical strategies these students are using, such as drawing a picture or using math facts. What approaches do you notice in how they solved the problem?",assistant,null,2026-04-21T09:43:53.609Z,2026-04-21T09:43:53.609Z
29,Strategy-Focused Teacher,3,time_to_get_clean,7,null,"I'm interested in understanding the mathematical strategies these students are using, such as drawing a picture or using math facts. What approaches do you notice in how they solved the problem?",assistant,null,2026-04-21T09:43:53.609Z,2026-04-21T09:43:53.609Z
30,Strategy-Focused Teacher,3,time_to_get_clean,8,null,"I'm interested in understanding the mathematical strategies these students are using, such as drawing a picture or using math facts. What approaches do you notice in how they solved the problem?",assistant,null,2026-04-21T09:43:53.609Z,2026-04-21T09:43:53.609Z
31,Strategy-Focused Teacher,3,null,null,Strategy-Focused Teacher,I focus on noticing and analyzing students' mathematical strategies.,assistant,null,2026-04-21T09:43:53.609Z,2026-04-21T09:43:53.609Z
32,Strengths in Student Understanding Teacher,3,null,null,Strengths in Student Understanding Teacher,I focus on the strengths in student understandings that are revealed in the student work.,assistant,null,2026-04-21T09:43:53.609Z,2026-04-21T09:43:53.609Z
33,Struggles in Student Understanding Teacher,3,null,null,Struggles in Student Understanding Teacher,I focus on identifying and addressing areas where students show partial understanding or confusion.,assistant,null,2026-04-21T09:43:53.609Z,2026-04-21T09:43:53.609Z